{
    "$schema": "https://schemas.wp.org/trunk/theme.json",
    "version": 2,
    "title": "Pewter",
    "categories": [
        "vibrant",
        "warm",
        "feminine",
        "modern",
        "portfolio"
    ],
    "settings": {
        "color": {
            "palette": [
                {
                    "color": "#fdfafa",
                    "name": "Color 1",
                    "slug": "theme-1"
                },
                {
                    "color": "#d4bbbb",
                    "name": "Color 2",
                    "slug": "theme-2"
                },
                {
                    "color": "#01616B",
                    "name": "Color 4",
                    "slug": "theme-4"
                },
                {
                    "color": "#716B66",
                    "name": "Color 6",
                    "slug": "theme-6"
                },
                {
                    "color": "#181515",
                    "name": "Color 5",
                    "slug": "theme-5"
                },
                {
                    "color": "#f7ecec",
                    "name": "Color 3",
                    "slug": "theme-3"
                }
            ],
            "duotone": [
                {
                    "colors": [
                        "#fdfafa",
                        "#d4bbbb"
                    ],
                    "slug": "duotone-0-1",
                    "name": "Duotone 1"
                },
                {
                    "colors": [
                        "#fdfafa",
                        "#01616B"
                    ],
                    "slug": "duotone-0-2",
                    "name": "Duotone 2"
                },
                {
                    "colors": [
                        "#fdfafa",
                        "#716B66"
                    ],
                    "slug": "duotone-0-3",
                    "name": "Duotone 3"
                },
                {
                    "colors": [
                        "#fdfafa",
                        "#181515"
                    ],
                    "slug": "duotone-0-4",
                    "name": "Duotone 4"
                },
                {
                    "colors": [
                        "#fdfafa",
                        "#f7ecec"
                    ],
                    "slug": "duotone-0-5",
                    "name": "Duotone 5"
                },
                {
                    "colors": [
                        "#d4bbbb",
                        "#01616B"
                    ],
                    "slug": "duotone-1-2",
                    "name": "Duotone 6"
                },
                {
                    "colors": [
                        "#d4bbbb",
                        "#716B66"
                    ],
                    "slug": "duotone-1-3",
                    "name": "Duotone 7"
                },
                {
                    "colors": [
                        "#d4bbbb",
                        "#181515"
                    ],
                    "slug": "duotone-1-4",
                    "name": "Duotone 8"
                },
                {
                    "colors": [
                        "#d4bbbb",
                        "#f7ecec"
                    ],
                    "slug": "duotone-1-5",
                    "name": "Duotone 9"
                },
                {
                    "colors": [
                        "#01616B",
                        "#716B66"
                    ],
                    "slug": "duotone-2-3",
                    "name": "Duotone 10"
                },
                {
                    "colors": [
                        "#01616B",
                        "#181515"
                    ],
                    "slug": "duotone-2-4",
                    "name": "Duotone 11"
                },
                {
                    "colors": [
                        "#01616B",
                        "#f7ecec"
                    ],
                    "slug": "duotone-2-5",
                    "name": "Duotone 12"
                },
                {
                    "colors": [
                        "#716B66",
                        "#181515"
                    ],
                    "slug": "duotone-3-4",
                    "name": "Duotone 13"
                },
                {
                    "colors": [
                        "#716B66",
                        "#f7ecec"
                    ],
                    "slug": "duotone-3-5",
                    "name": "Duotone 14"
                },
                {
                    "colors": [
                        "#181515",
                        "#f7ecec"
                    ],
                    "slug": "duotone-4-5",
                    "name": "Duotone 15"
                }
            ],
            "gradients": [
                {
                    "slug": "gradient-text-transparent",
                    "gradient": "linear-gradient(to bottom, var(--wp--preset--color--theme-5) -50%, transparent 50%)",
                    "name": "Text to Transparent"
                },
                {
                    "slug": "gradient-1-2",
                    "gradient": "linear-gradient(to bottom, var(--wp--preset--color--theme-1) 0%, var(--wp--preset--color--theme-2) 100%)",
                    "name": "Gradient 1"
                },
                {
                    "slug": "gradient-1-3",
                    "gradient": "linear-gradient(to bottom, var(--wp--preset--color--theme-1) 0%, var(--wp--preset--color--theme-4) 100%)",
                    "name": "Gradient 2"
                },
                {
                    "slug": "gradient-1-4",
                    "gradient": "linear-gradient(to bottom, var(--wp--preset--color--theme-1) 0%, var(--wp--preset--color--theme-6) 100%)",
                    "name": "Gradient 3"
                },
                {
                    "slug": "gradient-1-5",
                    "gradient": "linear-gradient(to bottom, var(--wp--preset--color--theme-1) 0%, var(--wp--preset--color--theme-5) 100%)",
                    "name": "Gradient 4"
                },
                {
                    "slug": "gradient-1-6",
                    "gradient": "linear-gradient(to bottom, var(--wp--preset--color--theme-1) 0%, var(--wp--preset--color--theme-3) 100%)",
                    "name": "Gradient 5"
                },
                {
                    "slug": "gradient-2-3",
                    "gradient": "linear-gradient(to bottom, var(--wp--preset--color--theme-2) 0%, var(--wp--preset--color--theme-4) 100%)",
                    "name": "Gradient 6"
                },
                {
                    "slug": "gradient-2-4",
                    "gradient": "linear-gradient(to bottom, var(--wp--preset--color--theme-2) 0%, var(--wp--preset--color--theme-6) 100%)",
                    "name": "Gradient 7"
                },
                {
                    "slug": "gradient-2-5",
                    "gradient": "linear-gradient(to bottom, var(--wp--preset--color--theme-2) 0%, var(--wp--preset--color--theme-5) 100%)",
                    "name": "Gradient 8"
                },
                {
                    "slug": "gradient-2-6",
                    "gradient": "linear-gradient(to bottom, var(--wp--preset--color--theme-2) 0%, var(--wp--preset--color--theme-3) 100%)",
                    "name": "Gradient 9"
                },
                {
                    "slug": "gradient-3-4",
                    "gradient": "linear-gradient(to bottom, var(--wp--preset--color--theme-4) 0%, var(--wp--preset--color--theme-6) 100%)",
                    "name": "Gradient 10"
                },
                {
                    "slug": "gradient-3-5",
                    "gradient": "linear-gradient(to bottom, var(--wp--preset--color--theme-4) 0%, var(--wp--preset--color--theme-5) 100%)",
                    "name": "Gradient 11"
                },
                {
                    "slug": "gradient-3-6",
                    "gradient": "linear-gradient(to bottom, var(--wp--preset--color--theme-4) 0%, var(--wp--preset--color--theme-3) 100%)",
                    "name": "Gradient 12"
                },
                {
                    "slug": "gradient-4-5",
                    "gradient": "linear-gradient(to bottom, var(--wp--preset--color--theme-6) 0%, var(--wp--preset--color--theme-5) 100%)",
                    "name": "Gradient 13"
                },
                {
                    "slug": "gradient-4-6",
                    "gradient": "linear-gradient(to bottom, var(--wp--preset--color--theme-6) 0%, var(--wp--preset--color--theme-3) 100%)",
                    "name": "Gradient 14"
                },
                {
                    "slug": "gradient-5-6",
                    "gradient": "linear-gradient(to bottom, var(--wp--preset--color--theme-5) 0%, var(--wp--preset--color--theme-3) 100%)",
                    "name": "Gradient 15"
                }
            ]
        },
        "custom": {
            "input": {
                "color": {
                    "background": "var(--wp--preset--color--theme-1)"
                },
                "border": {
                    "color": "var(--wp--preset--color--theme-4)"
                },
                ":focus": {
                    "border": {
                        "color": "var(--wp--preset--color--theme-5)"
                    }
                }
            }
        }
    },
    "styles": {
        "color": {
            "background": "var(--wp--preset--color--theme-1)",
            "text": "var(--wp--preset--color--theme-5)"
        },
        "blocks": {
            "core/separator": {
                "color": {
                    "background": "var(--wp--preset--color--theme-2)",
                    "text": "var(--wp--preset--color--theme-2)"
                }
            },
            "variations": {
                "section-1": {
                    "title": "Style 1",
                    "blockTypes": [
                        "core/group",
                        "core/columns",
                        "core/column"
                    ],
                    "color": {
                        "background": "var(--wp--preset--color--theme-2)",
                        "text": "var(--wp--preset--color--theme-5)"
                    },
                    "blocks": {
                        "core/paragraph": {
                            "elements": {
                                "link": {
                                    "color": {
                                        "text": "var(--wp--preset--color--theme-5)"
                                    }
                                }
                            }
                        },
                        "core/separator": {
                            "color": {
                                "background": "var(--wp--preset--color--theme-5)",
                                "text": "var(--wp--preset--color--theme-5)"
                            }
                        }
                    },
                    "elements": {
                        "link": {
                            "color": {
                                "text": "var(--wp--preset--color--theme-5)"
                            }
                        },
                        "button": {
                            "color": {
                                "background": "var(--wp--preset--color--theme-4)",
                                "text": "var(--wp--preset--color--theme-1)"
                            },
                            ":hover": {
                                "color": {
                                    "background": "var(--wp--preset--color--theme-5)",
                                    "text": "var(--wp--preset--color--theme-1)"
                                }
                            }
                        },
                        "heading": {
                            "color": {
                                "text": "var(--wp--preset--color--theme-5)"
                            }
                        }
                    }
                },
                "section-2": {
                    "title": "Style 2",
                    "blockTypes": [
                        "core/group",
                        "core/columns",
                        "core/column"
                    ],
                    "color": {
                        "background": "var(--wp--preset--color--theme-6)",
                        "text": "var(--wp--preset--color--theme-1)"
                    },
                    "blocks": {
                        "core/paragraph": {
                            "elements": {
                                "link": {
                                    "color": {
                                        "text": "var(--wp--preset--color--theme-1)"
                                    }
                                }
                            }
                        },
                        "core/separator": {
                            "color": {
                                "background": "var(--wp--preset--color--theme-1)",
                                "text": "var(--wp--preset--color--theme-1)"
                            }
                        }
                    },
                    "elements": {
                        "link": {
                            "color": {
                                "text": "var(--wp--preset--color--theme-1)"
                            }
                        },
                        "button": {
                            "color": {
                                "background": "var(--wp--preset--color--theme-4)",
                                "text": "var(--wp--preset--color--theme-1)"
                            },
                            ":hover": {
                                "color": {
                                    "background": "var(--wp--preset--color--theme-5)",
                                    "text": "var(--wp--preset--color--theme-1)"
                                }
                            }
                        },
                        "heading": {
                            "color": {
                                "text": "var(--wp--preset--color--theme-1)"
                            }
                        }
                    }
                },
                "section-3": {
                    "title": "Style 3",
                    "blockTypes": [
                        "core/group",
                        "core/columns",
                        "core/column"
                    ],
                    "color": {
                        "background": "var(--wp--preset--color--theme-5)",
                        "text": "var(--wp--preset--color--theme-2)"
                    },
                    "blocks": {
                        "core/paragraph": {
                            "elements": {
                                "link": {
                                    "color": {
                                        "text": "var(--wp--preset--color--theme-2)"
                                    }
                                }
                            }
                        },
                        "core/separator": {
                            "color": {
                                "background": "var(--wp--preset--color--theme-2)",
                                "text": "var(--wp--preset--color--theme-2)"
                            }
                        }
                    },
                    "elements": {
                        "link": {
                            "color": {
                                "text": "var(--wp--preset--color--theme-3)"
                            }
                        },
                        "button": {
                            "color": {
                                "background": "var(--wp--preset--color--theme-4)",
                                "text": "var(--wp--preset--color--theme-1)"
                            },
                            ":hover": {
                                "color": {
                                    "background": "var(--wp--preset--color--theme-3)",
                                    "text": "var(--wp--preset--color--theme-5)"
                                }
                            }
                        },
                        "heading": {
                            "color": {
                                "text": "var(--wp--preset--color--theme-3)"
                            }
                        }
                    }
                }
            }
        },
        "elements": {
            "heading": {
                "color": {
                    "text": "var(--wp--preset--color--theme-5)"
                }
            },
            "link": {
                "color": {
                    "text": {
                        "ref": "styles.color.text"
                    }
                }
            },
            "button": {
                "color": {
                    "background": "var(--wp--preset--color--theme-4)",
                    "text": "var(--wp--preset--color--theme-1)"
                },
                ":hover": {
                    "color": {
                        "background": "var(--wp--preset--color--theme-5)",
                        "text": "var(--wp--preset--color--theme-1)"
                    }
                }
            }
        }
    }
}
