{
    "$schema": "https://schemas.wp.org/trunk/theme.json",
    "version": 2,
    "title": "Periwinkle",
    "categories": [
        "vibrant",
        "cold",
        "bold",
        "modern",
        "business"
    ],
    "settings": {
        "color": {
            "palette": [
                {
                    "color": "#fafafe",
                    "name": "Color 1",
                    "slug": "theme-1"
                },
                {
                    "color": "#ebebfc",
                    "name": "Color 2",
                    "slug": "theme-2"
                },
                {
                    "color": "#CCCEF8",
                    "name": "Color 3",
                    "slug": "theme-3"
                },
                {
                    "color": "#525263",
                    "name": "Color 4",
                    "slug": "theme-4"
                },
                {
                    "color": "#141519",
                    "name": "Color 5",
                    "slug": "theme-5"
                }
            ],
            "duotone": [
                {
                    "colors": [
                        "#fafafe",
                        "#ebebfc"
                    ],
                    "slug": "duotone-0-1",
                    "name": "Duotone 1"
                },
                {
                    "colors": [
                        "#fafafe",
                        "#CCCEF8"
                    ],
                    "slug": "duotone-0-2",
                    "name": "Duotone 2"
                },
                {
                    "colors": [
                        "#fafafe",
                        "#525263"
                    ],
                    "slug": "duotone-0-3",
                    "name": "Duotone 3"
                },
                {
                    "colors": [
                        "#fafafe",
                        "#141519"
                    ],
                    "slug": "duotone-0-4",
                    "name": "Duotone 4"
                },
                {
                    "colors": [
                        "#ebebfc",
                        "#CCCEF8"
                    ],
                    "slug": "duotone-1-2",
                    "name": "Duotone 5"
                },
                {
                    "colors": [
                        "#ebebfc",
                        "#525263"
                    ],
                    "slug": "duotone-1-3",
                    "name": "Duotone 6"
                },
                {
                    "colors": [
                        "#ebebfc",
                        "#141519"
                    ],
                    "slug": "duotone-1-4",
                    "name": "Duotone 7"
                },
                {
                    "colors": [
                        "#CCCEF8",
                        "#525263"
                    ],
                    "slug": "duotone-2-3",
                    "name": "Duotone 8"
                },
                {
                    "colors": [
                        "#CCCEF8",
                        "#141519"
                    ],
                    "slug": "duotone-2-4",
                    "name": "Duotone 9"
                },
                {
                    "colors": [
                        "#525263",
                        "#141519"
                    ],
                    "slug": "duotone-3-4",
                    "name": "Duotone 10"
                }
            ],
            "gradients": [
                {
                    "slug": "gradient-text-transparent",
                    "gradient": "linear-gradient(to bottom, var(--wp--preset--color--theme-5) -50%, transparent 50%)",
                    "name": "Text to Transparent"
                },
                {
                    "slug": "gradient-1-2",
                    "gradient": "linear-gradient(to bottom, var(--wp--preset--color--theme-1) 0%, var(--wp--preset--color--theme-2) 100%)",
                    "name": "Gradient 1"
                },
                {
                    "slug": "gradient-1-3",
                    "gradient": "linear-gradient(to bottom, var(--wp--preset--color--theme-1) 0%, var(--wp--preset--color--theme-3) 100%)",
                    "name": "Gradient 2"
                },
                {
                    "slug": "gradient-1-4",
                    "gradient": "linear-gradient(to bottom, var(--wp--preset--color--theme-1) 0%, var(--wp--preset--color--theme-4) 100%)",
                    "name": "Gradient 3"
                },
                {
                    "slug": "gradient-1-5",
                    "gradient": "linear-gradient(to bottom, var(--wp--preset--color--theme-1) 0%, var(--wp--preset--color--theme-5) 100%)",
                    "name": "Gradient 4"
                },
                {
                    "slug": "gradient-2-3",
                    "gradient": "linear-gradient(to bottom, var(--wp--preset--color--theme-2) 0%, var(--wp--preset--color--theme-3) 100%)",
                    "name": "Gradient 5"
                },
                {
                    "slug": "gradient-2-4",
                    "gradient": "linear-gradient(to bottom, var(--wp--preset--color--theme-2) 0%, var(--wp--preset--color--theme-4) 100%)",
                    "name": "Gradient 6"
                },
                {
                    "slug": "gradient-2-5",
                    "gradient": "linear-gradient(to bottom, var(--wp--preset--color--theme-2) 0%, var(--wp--preset--color--theme-5) 100%)",
                    "name": "Gradient 7"
                },
                {
                    "slug": "gradient-3-4",
                    "gradient": "linear-gradient(to bottom, var(--wp--preset--color--theme-3) 0%, var(--wp--preset--color--theme-4) 100%)",
                    "name": "Gradient 8"
                },
                {
                    "slug": "gradient-3-5",
                    "gradient": "linear-gradient(to bottom, var(--wp--preset--color--theme-3) 0%, var(--wp--preset--color--theme-5) 100%)",
                    "name": "Gradient 9"
                },
                {
                    "slug": "gradient-4-5",
                    "gradient": "linear-gradient(to bottom, var(--wp--preset--color--theme-4) 0%, var(--wp--preset--color--theme-5) 100%)",
                    "name": "Gradient 10"
                }
            ]
        },
        "custom": {
            "input": {
                "color": {
                    "background": "var(--wp--preset--color--theme-1)"
                },
                "border": {
                    "color": "var(--wp--preset--color--theme-4)"
                },
                ":focus": {
                    "border": {
                        "color": "var(--wp--preset--color--theme-5)"
                    }
                }
            }
        }
    },
    "styles": {
        "color": {
            "background": "var(--wp--preset--color--theme-1)",
            "text": "var(--wp--preset--color--theme-5)"
        },
        "blocks": {
            "core/button": {
                "variations": {
                    "outline": {
                        "border": {
                            "color": "var(--wp--preset--color--theme-4)"
                        },
                        "color": {
                            "text": "var(--wp--preset--color--theme-4)"
                        }
                    }
                }
            },
            "core/separator": {
                "color": {
                    "background": "var(--wp--preset--color--theme-2)",
                    "text": "var(--wp--preset--color--theme-2)"
                }
            },
            "variations": {
                "section-1": {
                    "title": "Style 1",
                    "blockTypes": [
                        "core/group",
                        "core/columns",
                        "core/column"
                    ],
                    "color": {
                        "background": "var(--wp--preset--color--theme-2)",
                        "text": "var(--wp--preset--color--theme-5)"
                    },
                    "blocks": {
                        "core/paragraph": {
                            "elements": {
                                "link": {
                                    "color": {
                                        "text": "var(--wp--preset--color--theme-5)"
                                    }
                                }
                            }
                        },
                        "core/separator": {
                            "color": {
                                "background": "var(--wp--preset--color--theme-3)",
                                "text": "var(--wp--preset--color--theme-3)"
                            }
                        }
                    },
                    "elements": {
                        "link": {
                            "color": {
                                "text": "var(--wp--preset--color--theme-5)"
                            }
                        },
                        "button": {
                            "color": {
                                "background": "var(--wp--preset--color--theme-5)",
                                "text": "var(--wp--preset--color--theme-1)"
                            },
                            ":hover": {
                                "color": {
                                    "background": "var(--wp--preset--color--theme-4)",
                                    "text": "var(--wp--preset--color--theme-1)"
                                }
                            }
                        },
                        "heading": {
                            "color": {
                                "text": "var(--wp--preset--color--theme-5)"
                            }
                        }
                    }
                },
                "section-2": {
                    "title": "Style 2",
                    "blockTypes": [
                        "core/group",
                        "core/columns",
                        "core/column"
                    ],
                    "color": {
                        "background": "var(--wp--preset--color--theme-3)",
                        "text": "var(--wp--preset--color--theme-5)"
                    },
                    "blocks": {
                        "core/paragraph": {
                            "elements": {
                                "link": {
                                    "color": {
                                        "text": "var(--wp--preset--color--theme-5)"
                                    }
                                }
                            }
                        },
                        "core/separator": {
                            "color": {
                                "background": "var(--wp--preset--color--theme-5)",
                                "text": "var(--wp--preset--color--theme-5)"
                            }
                        }
                    },
                    "elements": {
                        "link": {
                            "color": {
                                "text": "var(--wp--preset--color--theme-5)"
                            }
                        },
                        "button": {
                            "color": {
                                "background": "var(--wp--preset--color--theme-5)",
                                "text": "var(--wp--preset--color--theme-1)"
                            },
                            ":hover": {
                                "color": {
                                    "background": "var(--wp--preset--color--theme-1)",
                                    "text": "var(--wp--preset--color--theme-5)"
                                }
                            }
                        },
                        "heading": {
                            "color": {
                                "text": "var(--wp--preset--color--theme-5)"
                            }
                        }
                    }
                },
                "section-3": {
                    "title": "Style 3",
                    "blockTypes": [
                        "core/group",
                        "core/columns",
                        "core/column"
                    ],
                    "color": {
                        "background": "var(--wp--preset--color--theme-5)",
                        "text": "var(--wp--preset--color--theme-2)"
                    },
                    "blocks": {
                        "core/paragraph": {
                            "elements": {
                                "link": {
                                    "color": {
                                        "text": "var(--wp--preset--color--theme-2)"
                                    }
                                }
                            }
                        },
                        "core/separator": {
                            "color": {
                                "background": "var(--wp--preset--color--theme-2)",
                                "text": "var(--wp--preset--color--theme-2)"
                            }
                        }
                    },
                    "elements": {
                        "link": {
                            "color": {
                                "text": "var(--wp--preset--color--theme-2)"
                            }
                        },
                        "button": {
                            "color": {
                                "background": "var(--wp--preset--color--theme-2)",
                                "text": "var(--wp--preset--color--theme-5)"
                            },
                            ":hover": {
                                "color": {
                                    "background": "var(--wp--preset--color--theme-3)",
                                    "text": "var(--wp--preset--color--theme-5)"
                                }
                            }
                        },
                        "heading": {
                            "color": {
                                "text": "var(--wp--preset--color--theme-2)"
                            }
                        }
                    }
                }
            }
        },
        "elements": {
            "heading": {
                "color": {
                    "text": "var(--wp--preset--color--theme-5)"
                }
            },
            "link": {
                "color": {
                    "text": {
                        "ref": "styles.color.text"
                    }
                }
            },
            "button": {
                "color": {
                    "background": "var(--wp--preset--color--theme-5)",
                    "text": "var(--wp--preset--color--theme-1)"
                },
                ":hover": {
                    "color": {
                        "background": "var(--wp--preset--color--theme-4)",
                        "text": "var(--wp--preset--color--theme-1)"
                    }
                }
            }
        }
    }
}
