{
    "$schema": "https://schemas.wp.org/trunk/theme.json",
    "version": 2,
    "title": "Cornflower",
    "categories": [
        "professional",
        "serene",
        "corporate",
        "business"
    ],
    "settings": {
        "color": {
            "palette": [
                {
                    "color": "#C3CDD7",
                    "name": "Color 3",
                    "slug": "theme-3"
                },
                {
                    "color": "#B0BECA",
                    "name": "Color 2",
                    "slug": "theme-2"
                },
                {
                    "color": "#C47443",
                    "name": "Color 5",
                    "slug": "theme-5"
                },
                {
                    "color": "#BA6C3B",
                    "name": "Color 4",
                    "slug": "theme-4"
                },
                {
                    "color": "#0F0F0F",
                    "name": "Color 6",
                    "slug": "theme-6"
                },
                {
                    "color": "#FFFFFF",
                    "name": "Color 1",
                    "slug": "theme-1"
                }
            ],
            "duotone": [
                {
                    "colors": [
                        "#C3CDD7",
                        "#B0BECA"
                    ],
                    "slug": "duotone-0-1",
                    "name": "Duotone 1"
                },
                {
                    "colors": [
                        "#C3CDD7",
                        "#C47443"
                    ],
                    "slug": "duotone-0-2",
                    "name": "Duotone 2"
                },
                {
                    "colors": [
                        "#C3CDD7",
                        "#BA6C3B"
                    ],
                    "slug": "duotone-0-3",
                    "name": "Duotone 3"
                },
                {
                    "colors": [
                        "#C3CDD7",
                        "#0F0F0F"
                    ],
                    "slug": "duotone-0-4",
                    "name": "Duotone 4"
                },
                {
                    "colors": [
                        "#C3CDD7",
                        "#FFFFFF"
                    ],
                    "slug": "duotone-0-5",
                    "name": "Duotone 5"
                },
                {
                    "colors": [
                        "#B0BECA",
                        "#C47443"
                    ],
                    "slug": "duotone-1-2",
                    "name": "Duotone 6"
                },
                {
                    "colors": [
                        "#B0BECA",
                        "#BA6C3B"
                    ],
                    "slug": "duotone-1-3",
                    "name": "Duotone 7"
                },
                {
                    "colors": [
                        "#B0BECA",
                        "#0F0F0F"
                    ],
                    "slug": "duotone-1-4",
                    "name": "Duotone 8"
                },
                {
                    "colors": [
                        "#B0BECA",
                        "#FFFFFF"
                    ],
                    "slug": "duotone-1-5",
                    "name": "Duotone 9"
                },
                {
                    "colors": [
                        "#C47443",
                        "#BA6C3B"
                    ],
                    "slug": "duotone-2-3",
                    "name": "Duotone 10"
                },
                {
                    "colors": [
                        "#C47443",
                        "#0F0F0F"
                    ],
                    "slug": "duotone-2-4",
                    "name": "Duotone 11"
                },
                {
                    "colors": [
                        "#C47443",
                        "#FFFFFF"
                    ],
                    "slug": "duotone-2-5",
                    "name": "Duotone 12"
                },
                {
                    "colors": [
                        "#BA6C3B",
                        "#0F0F0F"
                    ],
                    "slug": "duotone-3-4",
                    "name": "Duotone 13"
                },
                {
                    "colors": [
                        "#BA6C3B",
                        "#FFFFFF"
                    ],
                    "slug": "duotone-3-5",
                    "name": "Duotone 14"
                },
                {
                    "colors": [
                        "#0F0F0F",
                        "#FFFFFF"
                    ],
                    "slug": "duotone-4-5",
                    "name": "Duotone 15"
                }
            ],
            "gradients": [
                {
                    "slug": "gradient-text-transparent",
                    "gradient": "linear-gradient(to bottom, var(--wp--preset--color--theme-6) -50%, transparent 50%)",
                    "name": "Text to Transparent"
                },
                {
                    "slug": "gradient-1-2",
                    "gradient": "linear-gradient(to bottom, var(--wp--preset--color--theme-3) 0%, var(--wp--preset--color--theme-2) 100%)",
                    "name": "Gradient 1"
                },
                {
                    "slug": "gradient-1-3",
                    "gradient": "linear-gradient(to bottom, var(--wp--preset--color--theme-3) 0%, var(--wp--preset--color--theme-5) 100%)",
                    "name": "Gradient 2"
                },
                {
                    "slug": "gradient-1-4",
                    "gradient": "linear-gradient(to bottom, var(--wp--preset--color--theme-3) 0%, var(--wp--preset--color--theme-4) 100%)",
                    "name": "Gradient 3"
                },
                {
                    "slug": "gradient-1-5",
                    "gradient": "linear-gradient(to bottom, var(--wp--preset--color--theme-3) 0%, var(--wp--preset--color--theme-6) 100%)",
                    "name": "Gradient 4"
                },
                {
                    "slug": "gradient-1-6",
                    "gradient": "linear-gradient(to bottom, var(--wp--preset--color--theme-3) 0%, var(--wp--preset--color--theme-1) 100%)",
                    "name": "Gradient 5"
                },
                {
                    "slug": "gradient-2-3",
                    "gradient": "linear-gradient(to bottom, var(--wp--preset--color--theme-2) 0%, var(--wp--preset--color--theme-5) 100%)",
                    "name": "Gradient 6"
                },
                {
                    "slug": "gradient-2-4",
                    "gradient": "linear-gradient(to bottom, var(--wp--preset--color--theme-2) 0%, var(--wp--preset--color--theme-4) 100%)",
                    "name": "Gradient 7"
                },
                {
                    "slug": "gradient-2-5",
                    "gradient": "linear-gradient(to bottom, var(--wp--preset--color--theme-2) 0%, var(--wp--preset--color--theme-6) 100%)",
                    "name": "Gradient 8"
                },
                {
                    "slug": "gradient-2-6",
                    "gradient": "linear-gradient(to bottom, var(--wp--preset--color--theme-2) 0%, var(--wp--preset--color--theme-1) 100%)",
                    "name": "Gradient 9"
                },
                {
                    "slug": "gradient-3-4",
                    "gradient": "linear-gradient(to bottom, var(--wp--preset--color--theme-5) 0%, var(--wp--preset--color--theme-4) 100%)",
                    "name": "Gradient 10"
                },
                {
                    "slug": "gradient-3-5",
                    "gradient": "linear-gradient(to bottom, var(--wp--preset--color--theme-5) 0%, var(--wp--preset--color--theme-6) 100%)",
                    "name": "Gradient 11"
                },
                {
                    "slug": "gradient-3-6",
                    "gradient": "linear-gradient(to bottom, var(--wp--preset--color--theme-5) 0%, var(--wp--preset--color--theme-1) 100%)",
                    "name": "Gradient 12"
                },
                {
                    "slug": "gradient-4-5",
                    "gradient": "linear-gradient(to bottom, var(--wp--preset--color--theme-4) 0%, var(--wp--preset--color--theme-6) 100%)",
                    "name": "Gradient 13"
                },
                {
                    "slug": "gradient-4-6",
                    "gradient": "linear-gradient(to bottom, var(--wp--preset--color--theme-4) 0%, var(--wp--preset--color--theme-1) 100%)",
                    "name": "Gradient 14"
                },
                {
                    "slug": "gradient-5-6",
                    "gradient": "linear-gradient(to bottom, var(--wp--preset--color--theme-6) 0%, var(--wp--preset--color--theme-1) 100%)",
                    "name": "Gradient 15"
                }
            ]
        },
        "custom": {
            "input": {
                "color": {
                    "background": "var(--wp--preset--color--theme-2)"
                },
                "border": {
                    "color": "var(--wp--preset--color--theme-6)"
                },
                ":focus": {
                    "border": {
                        "color": "var(--wp--preset--color--theme-6)"
                    }
                }
            }
        }
    },
    "styles": {
        "color": {
            "background": "var(--wp--preset--color--theme-2)",
            "text": "var(--wp--preset--color--theme-6)"
        },
        "blocks": {
            "core/separator": {
                "color": {
                    "background": "var(--wp--preset--color--theme-6)",
                    "text": "var(--wp--preset--color--theme-6)"
                }
            },
            "variations": {
                "section-1": {
                    "title": "Style 1",
                    "blockTypes": [
                        "core/group",
                        "core/columns",
                        "core/column"
                    ],
                    "color": {
                        "background": "var(--wp--preset--color--theme-1)",
                        "text": "var(--wp--preset--color--theme-6)"
                    },
                    "blocks": {
                        "core/paragraph": {
                            "elements": {
                                "link": {
                                    "color": {
                                        "text": "var(--wp--preset--color--theme-6)"
                                    }
                                }
                            }
                        },
                        "core/separator": {
                            "color": {
                                "background": "var(--wp--preset--color--theme-6)",
                                "text": "var(--wp--preset--color--theme-6)"
                            }
                        }
                    },
                    "elements": {
                        "link": {
                            "color": {
                                "text": "var(--wp--preset--color--theme-6)"
                            }
                        },
                        "button": {
                            "color": {
                                "background": "var(--wp--preset--color--theme-6)",
                                "text": "var(--wp--preset--color--theme-1)"
                            },
                            ":hover": {
                                "color": {
                                    "background": "#0F0F0FE8",
                                    "text": "var(--wp--preset--color--theme-1)"
                                }
                            }
                        },
                        "heading": {
                            "color": {
                                "text": "var(--wp--preset--color--theme-6)"
                            }
                        }
                    }
                },
                "section-2": {
                    "title": "Style 2",
                    "blockTypes": [
                        "core/group",
                        "core/columns",
                        "core/column"
                    ],
                    "color": {
                        "background": "var(--wp--preset--color--theme-4)",
                        "text": "var(--wp--preset--color--theme-6)"
                    },
                    "blocks": {
                        "core/paragraph": {
                            "elements": {
                                "link": {
                                    "color": {
                                        "text": "var(--wp--preset--color--theme-6)"
                                    }
                                }
                            }
                        },
                        "core/separator": {
                            "color": {
                                "background": "var(--wp--preset--color--theme-6)",
                                "text": "var(--wp--preset--color--theme-6)"
                            }
                        }
                    },
                    "elements": {
                        "link": {
                            "color": {
                                "text": "var(--wp--preset--color--theme-6)"
                            }
                        },
                        "button": {
                            "color": {
                                "background": "var(--wp--preset--color--theme-6)",
                                "text": "var(--wp--preset--color--theme-1)"
                            },
                            ":hover": {
                                "color": {
                                    "background": "#0F0F0FE8",
                                    "text": "var(--wp--preset--color--theme-1)"
                                }
                            }
                        },
                        "heading": {
                            "color": {
                                "text": "var(--wp--preset--color--theme-6)"
                            }
                        }
                    }
                },
                "section-3": {
                    "title": "Style 3",
                    "blockTypes": [
                        "core/group",
                        "core/columns",
                        "core/column"
                    ],
                    "color": {
                        "background": "var(--wp--preset--color--theme-6)",
                        "text": "var(--wp--preset--color--theme-2)"
                    },
                    "blocks": {
                        "core/paragraph": {
                            "elements": {
                                "link": {
                                    "color": {
                                        "text": "var(--wp--preset--color--theme-2)"
                                    }
                                }
                            }
                        },
                        "core/separator": {
                            "color": {
                                "background": "var(--wp--preset--color--theme-2)",
                                "text": "var(--wp--preset--color--theme-2)"
                            }
                        }
                    },
                    "elements": {
                        "link": {
                            "color": {
                                "text": "var(--wp--preset--color--theme-2)"
                            }
                        },
                        "button": {
                            "color": {
                                "background": "var(--wp--preset--color--theme-2)",
                                "text": "var(--wp--preset--color--theme-6)"
                            },
                            ":hover": {
                                "color": {
                                    "background": "var(--wp--preset--color--theme-3)",
                                    "text": "var(--wp--preset--color--theme-6)"
                                }
                            }
                        },
                        "heading": {
                            "color": {
                                "text": "var(--wp--preset--color--theme-2)"
                            }
                        }
                    }
                }
            }
        },
        "elements": {
            "heading": {
                "color": {
                    "text": "var(--wp--preset--color--theme-6)"
                }
            },
            "link": {
                "color": {
                    "text": {
                        "ref": "styles.color.text"
                    }
                }
            },
            "button": {
                "color": {
                    "background": "var(--wp--preset--color--theme-6)",
                    "text": "var(--wp--preset--color--theme-1)"
                },
                ":hover": {
                    "color": {
                        "background": "#0F0F0FE8",
                        "text": "var(--wp--preset--color--theme-1)"
                    }
                }
            }
        }
    }
}
