{
    "$schema": "https://schemas.wp.org/trunk/theme.json",
    "version": 2,
    "title": "Emerald",
    "categories": [
        "elegant",
        "sophisticated",
        "natural",
        "hospitality",
        "organic"
    ],
    "settings": {
        "color": {
            "palette": [
                {
                    "color": "#1e2216",
                    "name": "Color 6",
                    "slug": "theme-6"
                },
                {
                    "color": "#363E28",
                    "name": "Color 1",
                    "slug": "theme-1"
                },
                {
                    "color": "#556342",
                    "name": "Color 5",
                    "slug": "theme-5"
                },
                {
                    "color": "#EFFA8A",
                    "name": "Color 2",
                    "slug": "theme-2"
                },
                {
                    "color": "#FFFEEE",
                    "name": "Color 4",
                    "slug": "theme-4"
                },
                {
                    "color": "#cccbbe",
                    "name": "Color 3",
                    "slug": "theme-3"
                }
            ],
            "duotone": [
                {
                    "colors": [
                        "#1e2216",
                        "#363E28"
                    ],
                    "slug": "duotone-0-1",
                    "name": "Duotone 1"
                },
                {
                    "colors": [
                        "#1e2216",
                        "#556342"
                    ],
                    "slug": "duotone-0-2",
                    "name": "Duotone 2"
                },
                {
                    "colors": [
                        "#1e2216",
                        "#EFFA8A"
                    ],
                    "slug": "duotone-0-3",
                    "name": "Duotone 3"
                },
                {
                    "colors": [
                        "#1e2216",
                        "#FFFEEE"
                    ],
                    "slug": "duotone-0-4",
                    "name": "Duotone 4"
                },
                {
                    "colors": [
                        "#1e2216",
                        "#cccbbe"
                    ],
                    "slug": "duotone-0-5",
                    "name": "Duotone 5"
                },
                {
                    "colors": [
                        "#363E28",
                        "#556342"
                    ],
                    "slug": "duotone-1-2",
                    "name": "Duotone 6"
                },
                {
                    "colors": [
                        "#363E28",
                        "#EFFA8A"
                    ],
                    "slug": "duotone-1-3",
                    "name": "Duotone 7"
                },
                {
                    "colors": [
                        "#363E28",
                        "#FFFEEE"
                    ],
                    "slug": "duotone-1-4",
                    "name": "Duotone 8"
                },
                {
                    "colors": [
                        "#363E28",
                        "#cccbbe"
                    ],
                    "slug": "duotone-1-5",
                    "name": "Duotone 9"
                },
                {
                    "colors": [
                        "#556342",
                        "#EFFA8A"
                    ],
                    "slug": "duotone-2-3",
                    "name": "Duotone 10"
                },
                {
                    "colors": [
                        "#556342",
                        "#FFFEEE"
                    ],
                    "slug": "duotone-2-4",
                    "name": "Duotone 11"
                },
                {
                    "colors": [
                        "#556342",
                        "#cccbbe"
                    ],
                    "slug": "duotone-2-5",
                    "name": "Duotone 12"
                },
                {
                    "colors": [
                        "#EFFA8A",
                        "#FFFEEE"
                    ],
                    "slug": "duotone-3-4",
                    "name": "Duotone 13"
                },
                {
                    "colors": [
                        "#EFFA8A",
                        "#cccbbe"
                    ],
                    "slug": "duotone-3-5",
                    "name": "Duotone 14"
                },
                {
                    "colors": [
                        "#FFFEEE",
                        "#cccbbe"
                    ],
                    "slug": "duotone-4-5",
                    "name": "Duotone 15"
                }
            ],
            "gradients": [
                {
                    "slug": "gradient-text-transparent",
                    "gradient": "linear-gradient(to bottom, var(--wp--preset--color--theme-4) -50%, transparent 50%)",
                    "name": "Text to Transparent"
                },
                {
                    "slug": "gradient-1-2",
                    "gradient": "linear-gradient(to bottom, var(--wp--preset--color--theme-6) 0%, var(--wp--preset--color--theme-1) 100%)",
                    "name": "Gradient 1"
                },
                {
                    "slug": "gradient-1-3",
                    "gradient": "linear-gradient(to bottom, var(--wp--preset--color--theme-6) 0%, var(--wp--preset--color--theme-5) 100%)",
                    "name": "Gradient 2"
                },
                {
                    "slug": "gradient-1-4",
                    "gradient": "linear-gradient(to bottom, var(--wp--preset--color--theme-6) 0%, var(--wp--preset--color--theme-2) 100%)",
                    "name": "Gradient 3"
                },
                {
                    "slug": "gradient-1-5",
                    "gradient": "linear-gradient(to bottom, var(--wp--preset--color--theme-6) 0%, var(--wp--preset--color--theme-4) 100%)",
                    "name": "Gradient 4"
                },
                {
                    "slug": "gradient-1-6",
                    "gradient": "linear-gradient(to bottom, var(--wp--preset--color--theme-6) 0%, var(--wp--preset--color--theme-3) 100%)",
                    "name": "Gradient 5"
                },
                {
                    "slug": "gradient-2-3",
                    "gradient": "linear-gradient(to bottom, var(--wp--preset--color--theme-1) 0%, var(--wp--preset--color--theme-5) 100%)",
                    "name": "Gradient 6"
                },
                {
                    "slug": "gradient-2-4",
                    "gradient": "linear-gradient(to bottom, var(--wp--preset--color--theme-1) 0%, var(--wp--preset--color--theme-2) 100%)",
                    "name": "Gradient 7"
                },
                {
                    "slug": "gradient-2-5",
                    "gradient": "linear-gradient(to bottom, var(--wp--preset--color--theme-1) 0%, var(--wp--preset--color--theme-4) 100%)",
                    "name": "Gradient 8"
                },
                {
                    "slug": "gradient-2-6",
                    "gradient": "linear-gradient(to bottom, var(--wp--preset--color--theme-1) 0%, var(--wp--preset--color--theme-3) 100%)",
                    "name": "Gradient 9"
                },
                {
                    "slug": "gradient-3-4",
                    "gradient": "linear-gradient(to bottom, var(--wp--preset--color--theme-5) 0%, var(--wp--preset--color--theme-2) 100%)",
                    "name": "Gradient 10"
                },
                {
                    "slug": "gradient-3-5",
                    "gradient": "linear-gradient(to bottom, var(--wp--preset--color--theme-5) 0%, var(--wp--preset--color--theme-4) 100%)",
                    "name": "Gradient 11"
                },
                {
                    "slug": "gradient-3-6",
                    "gradient": "linear-gradient(to bottom, var(--wp--preset--color--theme-5) 0%, var(--wp--preset--color--theme-3) 100%)",
                    "name": "Gradient 12"
                },
                {
                    "slug": "gradient-4-5",
                    "gradient": "linear-gradient(to bottom, var(--wp--preset--color--theme-2) 0%, var(--wp--preset--color--theme-4) 100%)",
                    "name": "Gradient 13"
                },
                {
                    "slug": "gradient-4-6",
                    "gradient": "linear-gradient(to bottom, var(--wp--preset--color--theme-2) 0%, var(--wp--preset--color--theme-3) 100%)",
                    "name": "Gradient 14"
                },
                {
                    "slug": "gradient-5-6",
                    "gradient": "linear-gradient(to bottom, var(--wp--preset--color--theme-4) 0%, var(--wp--preset--color--theme-3) 100%)",
                    "name": "Gradient 15"
                }
            ]
        },
        "custom": {
            "input": {
                "color": {
                    "background": "var(--wp--preset--color--theme-5)"
                },
                "border": {
                    "color": "var(--wp--preset--color--theme-4)"
                },
                ":focus": {
                    "border": {
                        "color": "var(--wp--preset--color--theme-4)"
                    }
                }
            }
        }
    },
    "styles": {
        "color": {
            "background": "var(--wp--preset--color--theme-5)",
            "text": "var(--wp--preset--color--theme-4)"
        },
        "blocks": {
            "core/separator": {
                "color": {
                    "background": "#FDFFE61A",
                    "text": "#FDFFE61A"
                }
            },
            "core/button": {
                "variations": {
                    "outline": {
                        "color": {
                            "text": "var(--wp--preset--color--theme-4)"
                        }
                    }
                }
            },
            "core/cover": {
                "color": {
                    "text": "var(--wp--preset--color--theme-4)"
                },
                "elements": {
                    "heading": {
                        "color": {
                            "text": "var(--wp--preset--color--theme-4)"
                        }
                    }
                }
            },
            "variations": {
                "section-1": {
                    "title": "Style 1",
                    "blockTypes": [
                        "core/group",
                        "core/columns",
                        "core/column"
                    ],
                    "color": {
                        "background": "var(--wp--preset--color--theme-4)",
                        "text": "var(--wp--preset--color--theme-1)"
                    },
                    "blocks": {
                        "core/paragraph": {
                            "elements": {
                                "link": {
                                    "color": {
                                        "text": "var(--wp--preset--color--theme-1)"
                                    }
                                }
                            }
                        },
                        "core/separator": {
                            "color": {
                                "background": "#122B0712",
                                "text": "#122B0712"
                            }
                        }
                    },
                    "elements": {
                        "link": {
                            "color": {
                                "text": "var(--wp--preset--color--theme-6)"
                            }
                        },
                        "button": {
                            "color": {
                                "background": "var(--wp--preset--color--theme-1)",
                                "text": "var(--wp--preset--color--theme-4)"
                            },
                            ":hover": {
                                "color": {
                                    "background": "var(--wp--preset--color--theme-6)",
                                    "text": "var(--wp--preset--color--theme-4)"
                                }
                            }
                        },
                        "heading": {
                            "color": {
                                "text": "var(--wp--preset--color--theme-6)"
                            }
                        }
                    }
                },
                "section-2": {
                    "title": "Style 2",
                    "blockTypes": [
                        "core/group",
                        "core/columns",
                        "core/column"
                    ],
                    "color": {
                        "background": "var(--wp--preset--color--theme-1)",
                        "text": "var(--wp--preset--color--theme-3)"
                    },
                    "blocks": {
                        "core/paragraph": {
                            "elements": {
                                "link": {
                                    "color": {
                                        "text": "var(--wp--preset--color--theme-3)"
                                    }
                                }
                            }
                        },
                        "core/separator": {
                            "color": {
                                "background": "#FDFFE61A",
                                "text": "#FDFFE61A"
                            }
                        }
                    },
                    "elements": {
                        "link": {
                            "color": {
                                "text": "var(--wp--preset--color--theme-4)"
                            }
                        },
                        "button": {
                            "color": {
                                "background": "var(--wp--preset--color--theme-2)",
                                "text": "var(--wp--preset--color--theme-6)"
                            },
                            ":hover": {
                                "color": {
                                    "background": "var(--wp--preset--color--theme-4)",
                                    "text": "var(--wp--preset--color--theme-6)"
                                }
                            }
                        },
                        "heading": {
                            "color": {
                                "text": "var(--wp--preset--color--theme-4)"
                            }
                        }
                    }
                },
                "section-3": {
                    "title": "Style 3",
                    "blockTypes": [
                        "core/group",
                        "core/columns",
                        "core/column"
                    ],
                    "color": {
                        "background": "var(--wp--preset--color--theme-6)",
                        "text": "var(--wp--preset--color--theme-3)"
                    },
                    "blocks": {
                        "core/paragraph": {
                            "elements": {
                                "link": {
                                    "color": {
                                        "text": "var(--wp--preset--color--theme-3)"
                                    }
                                }
                            }
                        },
                        "core/separator": {
                            "color": {
                                "background": "#FDFFE61A",
                                "text": "#FDFFE61A"
                            }
                        }
                    },
                    "elements": {
                        "link": {
                            "color": {
                                "text": "var(--wp--preset--color--theme-4)"
                            }
                        },
                        "button": {
                            "color": {
                                "background": "var(--wp--preset--color--theme-2)",
                                "text": "var(--wp--preset--color--theme-6)"
                            },
                            ":hover": {
                                "color": {
                                    "background": "var(--wp--preset--color--theme-4)",
                                    "text": "var(--wp--preset--color--theme-6)"
                                }
                            }
                        },
                        "heading": {
                            "color": {
                                "text": "var(--wp--preset--color--theme-4)"
                            }
                        }
                    }
                }
            }
        },
        "elements": {
            "heading": {
                "color": {
                    "text": "var(--wp--preset--color--theme-4)"
                }
            },
            "link": {
                "color": {
                    "text": "var(--wp--preset--color--theme-4)"
                }
            },
            "button": {
                "color": {
                    "background": "var(--wp--preset--color--theme-2)",
                    "text": "var(--wp--preset--color--theme-6)"
                },
                ":hover": {
                    "color": {
                        "background": "var(--wp--preset--color--theme-4)",
                        "text": "var(--wp--preset--color--theme-6)"
                    }
                }
            }
        }
    }
}
