{
	"$schema": "https://schemas.wp.org/trunk/theme.json",
	"version": 2,
	"title": "Gabarito",
	"settings": {
		"typography": {
			"fontSizes": [
				{
					"name": "Small",
					"size": "14px",
					"slug": "small"
				},
				{
					"name": "Medium",
					"size": "18px",
					"slug": "medium"
				},
				{
					"name": "Large",
					"size": "30px",
					"slug": "large"
				},
				{
					"name": "Extra Large",
					"size": "60px",
					"slug": "x-large"
				},
				{
					"name": "2X Large",
					"size": "80px",
					"slug": "xx-large",
					"fluid": {
						"min": "30px",
						"max": "80px"
					}
				}
			]
		}
	},
	"styles": {
		"blocks": {
			"core/site-title": {
				"typography": {
					"fontFamily": "var(--wp--preset--font-family--gabarito)",
					"fontSize": "var(--wp--preset--font-size--medium)",
					"fontWeight": "500",
					"letterSpacing": "1px",
					"textTransform": "uppercase"
				}
			},
			"core/navigation": {
				"typography": {
					"fontWeight": "400",
					"fontFamily": "var(--wp--preset--font-family--noto-sans-mono)",
					"fontSize": "var(--wp--preset--font-size--small)"
				}
			},
			"core/separator": {
				"border": {
					"width": "4px"
				}
			}
		},
		"elements": {
			"button": {
				"spacing": {
					"padding": {
						"bottom": "10px",
						"left": "24px",
						"right": "24px",
						"top": "10px"
					}
				},
				"typography": {
					"fontWeight": "400",
					"fontFamily": "var(--wp--preset--font-family--noto-sans-mono)",
					"fontSize": "var(--wp--preset--font-size--small)"
				}
			},
			"heading": {
				"typography": {
					"fontFamily": "var(--wp--preset--font-family--gabarito)",
					"fontWeight": "600",
					"lineHeight": "0.9",
					"textTransform": "uppercase"
				}
			},
			"h1": {
				"typography": {
					"lineHeight": "0.9"
				}
			}
		},
		"typography": {
			"fontFamily": "var(--wp--preset--font-family--noto-sans-mono)",
			"fontSize": "14px",
			"lineHeight": "2"
		}
	}
}
